Index,Name,Node Index,Enable,Interval,Multiplier,Bit Mask,Word Swap,Byte Swap,Data Type,Tag Type,FC Read,FC Write,Address,Length,Unit
1,sensor_001,1,TRUE,T#1s,1,0,FALSE,FALSE,1,1,3,16,0,2,1
2,sensor_002,1,TRUE,T#1s,1,0,FALSE,FALSE,1,1,3,16,1,2,1
3,sensor_003,1,TRUE,T#1s,1,0,FALSE,FALSE,1,1,3,16,2,2,1
4,sensor_004,1,TRUE,T#1s,1,0,FALSE,FALSE,1,1,3,16,3,2,1
5,sensor_005,1,TRUE,T#1s,1,0,FALSE,FALSE,1,1,3,16,4,2,1
6,sensor_006,1,TRUE,T#1s,1,0,FALSE,FALSE,1,1,3,16,5,2,1
7,sensor_007,1,TRUE,T#1s,1,0,FALSE,FALSE,1,1,3,16,6,2,1
8,sensor_008,1,TRUE,T#1s,1,0,FALSE,FALSE,1,1,3,16,7,2,1
9,sensor_009,1,TRUE,T#1s,1,0,FALSE,FALSE,1,1,3,16,8,2,1
10,sensor_010,1,TRUE,T#1s,1,0,FALSE,FALSE,1,1,3,16,9,2,1
11,sensor_011,1,TRUE,T#1s,1,0,FALSE,FALSE,1,1,3,16,10,2,1
12,sensor_012,1,TRUE,T#1s,1,0,FALSE,FALSE,1,1,3,16,11,2,1
13,sensor_013,1,TRUE,T#1s,1,0,FALSE,FALSE,1,1,3,16,12,2,1
14,sensor_014,1,TRUE,T#1s,1,0,FALSE,FALSE,1,1,3,16,13,2,1
15,sensor_015,1,TRUE,T#1s,1,0,FALSE,FALSE,1,1,3,16,14,2,1
16,sensor_016,1,TRUE,T#1s,1,0,FALSE,FALSE,1,1,3,16,15,2,1
17,sensor_017,1,TRUE,T#1s,1,0,FALSE,FALSE,1,1,3,16,16,2,1
18,sensor_018,1,TRUE,T#1s,1,0,FALSE,FALSE,1,1,3,16,17,2,1
19,sensor_019,1,TRUE,T#1s,1,0,FALSE,FALSE,1,1,3,16,18,2,1
20,sensor_020,1,TRUE,T#1s,1,0,FALSE,FALSE,1,1,3,16,19,2,1
21,sensor_021,1,TRUE,T#1s,1,0,FALSE,FALSE,1,1,3,16,20,2,1
22,sensor_022,1,TRUE,T#1s,1,0,FALSE,FALSE,1,1,3,16,21,2,1
23,sensor_023,1,TRUE,T#1s,1,0,FALSE,FALSE,1,1,3,16,22,2,1
24,sensor_024,1,TRUE,T#1s,1,0,FALSE,FALSE,1,1,3,16,23,2,1
25,sensor_025,1,TRUE,T#1s,1,0,FALSE,FALSE,1,1,3,16,24,2,1
26,sensor_026,1,TRUE,T#1s,1,0,FALSE,FALSE,1,1,3,16,25,2,1
27,sensor_027,1,TRUE,T#1s,1,0,FALSE,FALSE,1,1,3,16,26,2,1
28,sensor_028,1,TRUE,T#1s,1,0,FALSE,FALSE,1,1,3,16,27,2,1
29,sensor_029,1,TRUE,T#1s,1,0,FALSE,FALSE,1,1,3,16,28,2,1
30,sensor_030,1,TRUE,T#1s,1,0,FALSE,FALSE,1,1,3,16,29,2,1
31,sensor_031,1,TRUE,T#1s,1,0,FALSE,FALSE,1,1,3,16,30,2,1
32,sensor_032,1,TRUE,T#1s,1,0,FALSE,FALSE,1,1,3,16,31,2,1
33,sensor_033,1,TRUE,T#1s,1,0,FALSE,FALSE,1,1,3,16,32,2,1
34,sensor_034,1,TRUE,T#1s,1,0,FALSE,FALSE,1,1,3,16,33,2,1
35,sensor_035,1,TRUE,T#1s,1,0,FALSE,FALSE,1,1,3,16,34,2,1
36,sensor_036,1,TRUE,T#1s,1,0,FALSE,FALSE,1,1,3,16,35,2,1
37,sensor_037,1,TRUE,T#1s,1,0,FALSE,FALSE,1,1,3,16,36,2,1
38,sensor_038,1,TRUE,T#1s,1,0,FALSE,FALSE,1,1,3,16,37,2,1
39,sensor_039,1,TRUE,T#1s,1,0,FALSE,FALSE,1,1,3,16,38,2,1
40,sensor_040,1,TRUE,T#1s,1,0,FALSE,FALSE,1,1,3,16,39,2,1
41,sensor_041,1,TRUE,T#1s,1,0,FALSE,FALSE,1,1,3,16,40,2,1
42,sensor_042,1,TRUE,T#1s,1,0,FALSE,FALSE,1,1,3,16,41,2,1
43,sensor_043,1,TRUE,T#1s,1,0,FALSE,FALSE,1,1,3,16,42,2,1
44,sensor_044,1,TRUE,T#1s,1,0,FALSE,FALSE,1,1,3,16,43,2,1
45,sensor_045,1,TRUE,T#1s,1,0,FALSE,FALSE,1,1,3,16,44,2,1
46,sensor_046,1,TRUE,T#1s,1,0,FALSE,FALSE,1,1,3,16,45,2,1
47,sensor_047,1,TRUE,T#1s,1,0,FALSE,FALSE,1,1,3,16,46,2,1
48,sensor_048,1,TRUE,T#1s,1,0,FALSE,FALSE,1,1,3,16,47,2,1
49,sensor_049,1,TRUE,T#1s,1,0,FALSE,FALSE,1,1,3,16,48,2,1
50,sensor_050,1,TRUE,T#1s,1,0,FALSE,FALSE,1,1,3,16,49,2,1
51,sensor_051,1,TRUE,T#1s,1,0,FALSE,FALSE,1,1,3,16,50,2,1
52,sensor_052,1,TRUE,T#1s,1,0,FALSE,FALSE,1,1,3,16,51,2,1
53,sensor_053,1,TRUE,T#1s,1,0,FALSE,FALSE,1,1,3,16,52,2,1
54,sensor_054,1,TRUE,T#1s,1,0,FALSE,FALSE,1,1,3,16,53,2,1
55,sensor_055,1,TRUE,T#1s,1,0,FALSE,FALSE,1,1,3,16,54,2,1
56,sensor_056,1,TRUE,T#1s,1,0,FALSE,FALSE,1,1,3,16,55,2,1
57,sensor_057,1,TRUE,T#1s,1,0,FALSE,FALSE,1,1,3,16,56,2,1
58,sensor_058,1,TRUE,T#1s,1,0,FALSE,FALSE,1,1,3,16,57,2,1
59,sensor_059,1,TRUE,T#1s,1,0,FALSE,FALSE,1,1,3,16,58,2,1
60,sensor_060,1,TRUE,T#1s,1,0,FALSE,FALSE,1,1,3,16,59,2,1
61,sensor_061,1,TRUE,T#1s,1,0,FALSE,FALSE,1,1,3,16,60,2,1
62,sensor_062,1,TRUE,T#1s,1,0,FALSE,FALSE,1,1,3,16,61,2,1
63,sensor_063,1,TRUE,T#1s,1,0,FALSE,FALSE,1,1,3,16,62,2,1
64,sensor_064,1,TRUE,T#1s,1,0,FALSE,FALSE,1,1,3,16,63,2,1
65,sensor_065,1,TRUE,T#1s,1,0,FALSE,FALSE,1,1,3,16,64,2,1
66,sensor_066,1,TRUE,T#1s,1,0,FALSE,FALSE,1,1,3,16,65,2,1
67,sensor_067,1,TRUE,T#1s,1,0,FALSE,FALSE,1,1,3,16,66,2,1
68,sensor_068,1,TRUE,T#1s,1,0,FALSE,FALSE,1,1,3,16,67,2,1
69,sensor_069,1,TRUE,T#1s,1,0,FALSE,FALSE,1,1,3,16,68,2,1
70,sensor_070,1,TRUE,T#1s,1,0,FALSE,FALSE,1,1,3,16,69,2,1
71,sensor_071,1,TRUE,T#1s,1,0,FALSE,FALSE,1,1,3,16,70,2,1
72,sensor_072,1,TRUE,T#1s,1,0,FALSE,FALSE,1,1,3,16,71,2,1
73,sensor_073,1,TRUE,T#1s,1,0,FALSE,FALSE,1,1,3,16,72,2,1
74,sensor_074,1,TRUE,T#1s,1,0,FALSE,FALSE,1,1,3,16,73,2,1
75,sensor_075,1,TRUE,T#1s,1,0,FALSE,FALSE,1,1,3,16,74,2,1
76,sensor_076,1,TRUE,T#1s,1,0,FALSE,FALSE,1,1,3,16,75,2,1
77,sensor_077,1,TRUE,T#1s,1,0,FALSE,FALSE,1,1,3,16,76,2,1
78,sensor_078,1,TRUE,T#1s,1,0,FALSE,FALSE,1,1,3,16,77,2,1
79,sensor_079,1,TRUE,T#1s,1,0,FALSE,FALSE,1,1,3,16,78,2,1
80,sensor_080,1,TRUE,T#1s,1,0,FALSE,FALSE,1,1,3,16,79,2,1
81,sensor_081,1,TRUE,T#1s,1,0,FALSE,FALSE,1,1,3,16,80,2,1
82,sensor_082,1,TRUE,T#1s,1,0,FALSE,FALSE,1,1,3,16,81,2,1
83,sensor_083,1,TRUE,T#1s,1,0,FALSE,FALSE,1,1,3,16,82,2,1
84,sensor_084,1,TRUE,T#1s,1,0,FALSE,FALSE,1,1,3,16,83,2,1
85,sensor_085,1,TRUE,T#1s,1,0,FALSE,FALSE,1,1,3,16,84,2,1
86,sensor_086,1,TRUE,T#1s,1,0,FALSE,FALSE,1,1,3,16,85,2,1
87,sensor_087,1,TRUE,T#1s,1,0,FALSE,FALSE,1,1,3,16,86,2,1
88,sensor_088,1,TRUE,T#1s,1,0,FALSE,FALSE,1,1,3,16,87,2,1
89,sensor_089,1,TRUE,T#1s,1,0,FALSE,FALSE,1,1,3,16,88,2,1
90,sensor_090,1,TRUE,T#1s,1,0,FALSE,FALSE,1,1,3,16,89,2,1
91,sensor_091,1,TRUE,T#1s,1,0,FALSE,FALSE,1,1,3,16,90,2,1
92,sensor_092,1,TRUE,T#1s,1,0,FALSE,FALSE,1,1,3,16,91,2,1
93,sensor_093,1,TRUE,T#1s,1,0,FALSE,FALSE,1,1,3,16,92,2,1
94,sensor_094,1,TRUE,T#1s,1,0,FALSE,FALSE,1,1,3,16,93,2,1
95,sensor_095,1,TRUE,T#1s,1,0,FALSE,FALSE,1,1,3,16,94,2,1
96,sensor_096,1,TRUE,T#1s,1,0,FALSE,FALSE,1,1,3,16,95,2,1
97,sensor_097,1,TRUE,T#1s,1,0,FALSE,FALSE,1,1,3,16,96,2,1
98,sensor_098,1,TRUE,T#1s,1,0,FALSE,FALSE,1,1,3,16,97,2,1
99,sensor_099,1,TRUE,T#1s,1,0,FALSE,FALSE,1,1,3,16,98,2,1
100,sensor_100,1,TRUE,T#1s,1,0,FALSE,FALSE,1,1,3,16,99,2,1
101,sensor_101,1,TRUE,T#1s,1,0,FALSE,FALSE,1,1,3,16,100,2,1
102,sensor_102,1,TRUE,T#1s,1,0,FALSE,FALSE,1,1,3,16,101,2,1
103,sensor_103,1,TRUE,T#1s,1,0,FALSE,FALSE,1,1,3,16,102,2,1
104,sensor_104,1,TRUE,T#1s,1,0,FALSE,FALSE,1,1,3,16,103,2,1
105,sensor_105,1,TRUE,T#1s,1,0,FALSE,FALSE,1,1,3,16,104,2,1
106,sensor_106,1,TRUE,T#1s,1,0,FALSE,FALSE,1,1,3,16,105,2,1
107,sensor_107,1,TRUE,T#1s,1,0,FALSE,FALSE,1,1,3,16,106,2,1
108,sensor_108,1,TRUE,T#1s,1,0,FALSE,FALSE,1,1,3,16,107,2,1
109,sensor_109,1,TRUE,T#1s,1,0,FALSE,FALSE,1,1,3,16,108,2,1
110,sensor_110,1,TRUE,T#1s,1,0,FALSE,FALSE,1,1,3,16,109,2,1
111,sensor_111,1,TRUE,T#1s,1,0,FALSE,FALSE,1,1,3,16,110,2,1
112,sensor_112,1,TRUE,T#1s,1,0,FALSE,FALSE,1,1,3,16,111,2,1
113,sensor_113,1,TRUE,T#1s,1,0,FALSE,FALSE,1,1,3,16,112,2,1
114,sensor_114,1,TRUE,T#1s,1,0,FALSE,FALSE,1,1,3,16,113,2,1
115,sensor_115,1,TRUE,T#1s,1,0,FALSE,FALSE,1,1,3,16,114,2,1
116,sensor_116,1,TRUE,T#1s,1,0,FALSE,FALSE,1,1,3,16,115,2,1
117,sensor_117,1,TRUE,T#1s,1,0,FALSE,FALSE,1,1,3,16,116,2,1
118,sensor_118,1,TRUE,T#1s,1,0,FALSE,FALSE,1,1,3,16,117,2,1
119,sensor_119,1,TRUE,T#1s,1,0,FALSE,FALSE,1,1,3,16,118,2,1
120,sensor_120,1,TRUE,T#1s,1,0,FALSE,FALSE,1,1,3,16,119,2,1
121,sensor_121,1,TRUE,T#1s,1,0,FALSE,FALSE,1,1,3,16,120,2,1
122,sensor_122,1,TRUE,T#1s,1,0,FALSE,FALSE,1,1,3,16,121,2,1
123,sensor_123,1,TRUE,T#1s,1,0,FALSE,FALSE,1,1,3,16,122,2,1
124,sensor_124,1,TRUE,T#1s,1,0,FALSE,FALSE,1,1,3,16,123,2,1
125,sensor_125,1,TRUE,T#1s,1,0,FALSE,FALSE,1,1,3,16,124,2,1
126,sensor_126,1,TRUE,T#1s,1,0,FALSE,FALSE,1,1,3,16,125,2,1
127,sensor_127,1,TRUE,T#1s,1,0,FALSE,FALSE,1,1,3,16,126,2,1
128,sensor_128,1,TRUE,T#1s,1,0,FALSE,FALSE,1,1,3,16,127,2,1
129,sensor_129,1,TRUE,T#1s,1,0,FALSE,FALSE,1,1,3,16,128,2,1
130,sensor_130,1,TRUE,T#1s,1,0,FALSE,FALSE,1,1,3,16,129,2,1
131,sensor_131,1,TRUE,T#1s,1,0,FALSE,FALSE,1,1,3,16,130,2,1
132,sensor_132,1,TRUE,T#1s,1,0,FALSE,FALSE,1,1,3,16,131,2,1
133,sensor_133,1,TRUE,T#1s,1,0,FALSE,FALSE,1,1,3,16,132,2,1
134,sensor_134,1,TRUE,T#1s,1,0,FALSE,FALSE,1,1,3,16,133,2,1
135,sensor_135,1,TRUE,T#1s,1,0,FALSE,FALSE,1,1,3,16,134,2,1
136,sensor_136,1,TRUE,T#1s,1,0,FALSE,FALSE,1,1,3,16,135,2,1
137,sensor_137,1,TRUE,T#1s,1,0,FALSE,FALSE,1,1,3,16,136,2,1
138,sensor_138,1,TRUE,T#1s,1,0,FALSE,FALSE,1,1,3,16,137,2,1
139,sensor_139,1,TRUE,T#1s,1,0,FALSE,FALSE,1,1,3,16,138,2,1
140,sensor_140,1,TRUE,T#1s,1,0,FALSE,FALSE,1,1,3,16,139,2,1
141,sensor_141,1,TRUE,T#1s,1,0,FALSE,FALSE,1,1,3,16,140,2,1
142,sensor_142,1,TRUE,T#1s,1,0,FALSE,FALSE,1,1,3,16,141,2,1
143,sensor_143,1,TRUE,T#1s,1,0,FALSE,FALSE,1,1,3,16,142,2,1
144,sensor_144,1,TRUE,T#1s,1,0,FALSE,FALSE,1,1,3,16,143,2,1
145,sensor_145,1,TRUE,T#1s,1,0,FALSE,FALSE,1,1,3,16,144,2,1
146,sensor_146,1,TRUE,T#1s,1,0,FALSE,FALSE,1,1,3,16,145,2,1
147,sensor_147,1,TRUE,T#1s,1,0,FALSE,FALSE,1,1,3,16,146,2,1
148,sensor_148,1,TRUE,T#1s,1,0,FALSE,FALSE,1,1,3,16,147,2,1
149,sensor_149,1,TRUE,T#1s,1,0,FALSE,FALSE,1,1,3,16,148,2,1
150,sensor_150,1,TRUE,T#1s,1,0,FALSE,FALSE,1,1,3,16,149,2,1
151,sensor_151,1,TRUE,T#1s,1,0,FALSE,FALSE,1,1,3,16,150,2,1
152,sensor_152,1,TRUE,T#1s,1,0,FALSE,FALSE,1,1,3,16,151,2,1
153,sensor_153,1,TRUE,T#1s,1,0,FALSE,FALSE,1,1,3,16,152,2,1
154,sensor_154,1,TRUE,T#1s,1,0,FALSE,FALSE,1,1,3,16,153,2,1
155,sensor_155,1,TRUE,T#1s,1,0,FALSE,FALSE,1,1,3,16,154,2,1
156,sensor_156,1,TRUE,T#1s,1,0,FALSE,FALSE,1,1,3,16,155,2,1
157,sensor_157,1,TRUE,T#1s,1,0,FALSE,FALSE,1,1,3,16,156,2,1
158,sensor_158,1,TRUE,T#1s,1,0,FALSE,FALSE,1,1,3,16,157,2,1
159,sensor_159,1,TRUE,T#1s,1,0,FALSE,FALSE,1,1,3,16,158,2,1
160,sensor_160,1,TRUE,T#1s,1,0,FALSE,FALSE,1,1,3,16,159,2,1
161,sensor_161,1,TRUE,T#1s,1,0,FALSE,FALSE,1,1,3,16,160,2,1
162,sensor_162,1,TRUE,T#1s,1,0,FALSE,FALSE,1,1,3,16,161,2,1
163,sensor_163,1,TRUE,T#1s,1,0,FALSE,FALSE,1,1,3,16,162,2,1
164,sensor_164,1,TRUE,T#1s,1,0,FALSE,FALSE,1,1,3,16,163,2,1
165,sensor_165,1,TRUE,T#1s,1,0,FALSE,FALSE,1,1,3,16,164,2,1
166,sensor_166,1,TRUE,T#1s,1,0,FALSE,FALSE,1,1,3,16,165,2,1
167,sensor_167,1,TRUE,T#1s,1,0,FALSE,FALSE,1,1,3,16,166,2,1
168,sensor_168,1,TRUE,T#1s,1,0,FALSE,FALSE,1,1,3,16,167,2,1
169,sensor_169,1,TRUE,T#1s,1,0,FALSE,FALSE,1,1,3,16,168,2,1
170,sensor_170,1,TRUE,T#1s,1,0,FALSE,FALSE,1,1,3,16,169,2,1
171,sensor_171,1,TRUE,T#1s,1,0,FALSE,FALSE,1,1,3,16,170,2,1
172,sensor_172,1,TRUE,T#1s,1,0,FALSE,FALSE,1,1,3,16,171,2,1
173,sensor_173,1,TRUE,T#1s,1,0,FALSE,FALSE,1,1,3,16,172,2,1
174,sensor_174,1,TRUE,T#1s,1,0,FALSE,FALSE,1,1,3,16,173,2,1
175,sensor_175,1,TRUE,T#1s,1,0,FALSE,FALSE,1,1,3,16,174,2,1
176,sensor_176,1,TRUE,T#1s,1,0,FALSE,FALSE,1,1,3,16,175,2,1
177,sensor_177,1,TRUE,T#1s,1,0,FALSE,FALSE,1,1,3,16,176,2,1
178,sensor_178,1,TRUE,T#1s,1,0,FALSE,FALSE,1,1,3,16,177,2,1
179,sensor_179,1,TRUE,T#1s,1,0,FALSE,FALSE,1,1,3,16,178,2,1
180,sensor_180,1,TRUE,T#1s,1,0,FALSE,FALSE,1,1,3,16,179,2,1
181,sensor_181,1,TRUE,T#1s,1,0,FALSE,FALSE,1,1,3,16,180,2,1
182,sensor_182,1,TRUE,T#1s,1,0,FALSE,FALSE,1,1,3,16,181,2,1
183,sensor_183,1,TRUE,T#1s,1,0,FALSE,FALSE,1,1,3,16,182,2,1
184,sensor_184,1,TRUE,T#1s,1,0,FALSE,FALSE,1,1,3,16,183,2,1
185,sensor_185,1,TRUE,T#1s,1,0,FALSE,FALSE,1,1,3,16,184,2,1
186,sensor_186,1,TRUE,T#1s,1,0,FALSE,FALSE,1,1,3,16,185,2,1
187,sensor_187,1,TRUE,T#1s,1,0,FALSE,FALSE,1,1,3,16,186,2,1
188,sensor_188,1,TRUE,T#1s,1,0,FALSE,FALSE,1,1,3,16,187,2,1
189,sensor_189,1,TRUE,T#1s,1,0,FALSE,FALSE,1,1,3,16,188,2,1
190,sensor_190,1,TRUE,T#1s,1,0,FALSE,FALSE,1,1,3,16,189,2,1
191,sensor_191,1,TRUE,T#1s,1,0,FALSE,FALSE,1,1,3,16,190,2,1
192,sensor_192,1,TRUE,T#1s,1,0,FALSE,FALSE,1,1,3,16,191,2,1
193,sensor_193,1,TRUE,T#1s,1,0,FALSE,FALSE,1,1,3,16,192,2,1
194,sensor_194,1,TRUE,T#1s,1,0,FALSE,FALSE,1,1,3,16,193,2,1
195,sensor_195,1,TRUE,T#1s,1,0,FALSE,FALSE,1,1,3,16,194,2,1
196,sensor_196,1,TRUE,T#1s,1,0,FALSE,FALSE,1,1,3,16,195,2,1
197,sensor_197,1,TRUE,T#1s,1,0,FALSE,FALSE,1,1,3,16,196,2,1
198,sensor_198,1,TRUE,T#1s,1,0,FALSE,FALSE,1,1,3,16,197,2,1
199,sensor_199,1,TRUE,T#1s,1,0,FALSE,FALSE,1,1,3,16,198,2,1
200,sensor_200,1,TRUE,T#1s,1,0,FALSE,FALSE,1,1,3,16,199,2,1
201,sensor_201,1,TRUE,T#1s,1,0,FALSE,FALSE,1,1,3,16,200,2,1
202,sensor_202,1,TRUE,T#1s,1,0,FALSE,FALSE,1,1,3,16,201,2,1
203,sensor_203,1,TRUE,T#1s,1,0,FALSE,FALSE,1,1,3,16,202,2,1
204,sensor_204,1,TRUE,T#1s,1,0,FALSE,FALSE,1,1,3,16,203,2,1
205,sensor_205,1,TRUE,T#1s,1,0,FALSE,FALSE,1,1,3,16,204,2,1
206,sensor_206,1,TRUE,T#1s,1,0,FALSE,FALSE,1,1,3,16,205,2,1
207,sensor_207,1,TRUE,T#1s,1,0,FALSE,FALSE,1,1,3,16,206,2,1
208,sensor_208,1,TRUE,T#1s,1,0,FALSE,FALSE,1,1,3,16,207,2,1
209,sensor_209,1,TRUE,T#1s,1,0,FALSE,FALSE,1,1,3,16,208,2,1
210,sensor_210,1,TRUE,T#1s,1,0,FALSE,FALSE,1,1,3,16,209,2,1
211,sensor_211,1,TRUE,T#1s,1,0,FALSE,FALSE,1,1,3,16,210,2,1
212,sensor_212,1,TRUE,T#1s,1,0,FALSE,FALSE,1,1,3,16,211,2,1
213,sensor_213,1,TRUE,T#1s,1,0,FALSE,FALSE,1,1,3,16,212,2,1
214,sensor_214,1,TRUE,T#1s,1,0,FALSE,FALSE,1,1,3,16,213,2,1
215,sensor_215,1,TRUE,T#1s,1,0,FALSE,FALSE,1,1,3,16,214,2,1
216,sensor_216,1,TRUE,T#1s,1,0,FALSE,FALSE,1,1,3,16,215,2,1
217,sensor_217,1,TRUE,T#1s,1,0,FALSE,FALSE,1,1,3,16,216,2,1
218,sensor_218,1,TRUE,T#1s,1,0,FALSE,FALSE,1,1,3,16,217,2,1
219,sensor_219,1,TRUE,T#1s,1,0,FALSE,FALSE,1,1,3,16,218,2,1
220,sensor_220,1,TRUE,T#1s,1,0,FALSE,FALSE,1,1,3,16,219,2,1
221,sensor_221,1,TRUE,T#1s,1,0,FALSE,FALSE,1,1,3,16,220,2,1
222,sensor_222,1,TRUE,T#1s,1,0,FALSE,FALSE,1,1,3,16,221,2,1
223,sensor_223,1,TRUE,T#1s,1,0,FALSE,FALSE,1,1,3,16,222,2,1
224,sensor_224,1,TRUE,T#1s,1,0,FALSE,FALSE,1,1,3,16,223,2,1
225,sensor_225,1,TRUE,T#1s,1,0,FALSE,FALSE,1,1,3,16,224,2,1
226,sensor_226,1,TRUE,T#1s,1,0,FALSE,FALSE,1,1,3,16,225,2,1
227,sensor_227,1,TRUE,T#1s,1,0,FALSE,FALSE,1,1,3,16,226,2,1
228,sensor_228,1,TRUE,T#1s,1,0,FALSE,FALSE,1,1,3,16,227,2,1
229,sensor_229,1,TRUE,T#1s,1,0,FALSE,FALSE,1,1,3,16,228,2,1
230,sensor_230,1,TRUE,T#1s,1,0,FALSE,FALSE,1,1,3,16,229,2,1
231,sensor_231,1,TRUE,T#1s,1,0,FALSE,FALSE,1,1,3,16,230,2,1
232,sensor_232,1,TRUE,T#1s,1,0,FALSE,FALSE,1,1,3,16,231,2,1
233,sensor_233,1,TRUE,T#1s,1,0,FALSE,FALSE,1,1,3,16,232,2,1
234,sensor_234,1,TRUE,T#1s,1,0,FALSE,FALSE,1,1,3,16,233,2,1
235,sensor_235,1,TRUE,T#1s,1,0,FALSE,FALSE,1,1,3,16,234,2,1
236,sensor_236,1,TRUE,T#1s,1,0,FALSE,FALSE,1,1,3,16,235,2,1
237,sensor_237,1,TRUE,T#1s,1,0,FALSE,FALSE,1,1,3,16,236,2,1
238,sensor_238,1,TRUE,T#1s,1,0,FALSE,FALSE,1,1,3,16,237,2,1
239,sensor_239,1,TRUE,T#1s,1,0,FALSE,FALSE,1,1,3,16,238,2,1
240,sensor_240,1,TRUE,T#1s,1,0,FALSE,FALSE,1,1,3,16,239,2,1
241,sensor_241,1,TRUE,T#1s,1,0,FALSE,FALSE,1,1,3,16,240,2,1
242,sensor_242,1,TRUE,T#1s,1,0,FALSE,FALSE,1,1,3,16,241,2,1
243,sensor_243,1,TRUE,T#1s,1,0,FALSE,FALSE,1,1,3,16,242,2,1
244,sensor_244,1,TRUE,T#1s,1,0,FALSE,FALSE,1,1,3,16,243,2,1
245,sensor_245,1,TRUE,T#1s,1,0,FALSE,FALSE,1,1,3,16,244,2,1
246,sensor_246,1,TRUE,T#1s,1,0,FALSE,FALSE,1,1,3,16,245,2,1
247,sensor_247,1,TRUE,T#1s,1,0,FALSE,FALSE,1,1,3,16,246,2,1
248,sensor_248,1,TRUE,T#1s,1,0,FALSE,FALSE,1,1,3,16,247,2,1
249,sensor_249,1,TRUE,T#1s,1,0,FALSE,FALSE,1,1,3,16,248,2,1
250,sensor_250,1,TRUE,T#1s,1,0,FALSE,FALSE,1,1,3,16,249,2,1
251,sensor_251,1,TRUE,T#1s,1,0,FALSE,FALSE,1,1,3,16,250,2,1
252,sensor_252,1,TRUE,T#1s,1,0,FALSE,FALSE,1,1,3,16,251,2,1
253,sensor_253,1,TRUE,T#1s,1,0,FALSE,FALSE,1,1,3,16,252,2,1
254,sensor_254,1,TRUE,T#1s,1,0,FALSE,FALSE,1,1,3,16,253,2,1
255,sensor_255,1,TRUE,T#1s,1,0,FALSE,FALSE,1,1,3,16,254,2,1
256,sensor_256,1,TRUE,T#1s,1,0,FALSE,FALSE,1,1,3,16,255,2,1
257,sensor_257,1,TRUE,T#1s,1,0,FALSE,FALSE,1,1,3,16,256,2,1
258,sensor_258,1,TRUE,T#1s,1,0,FALSE,FALSE,1,1,3,16,257,2,1
259,sensor_259,1,TRUE,T#1s,1,0,FALSE,FALSE,1,1,3,16,258,2,1
260,sensor_260,1,TRUE,T#1s,1,0,FALSE,FALSE,1,1,3,16,259,2,1
261,sensor_261,1,TRUE,T#1s,1,0,FALSE,FALSE,1,1,3,16,260,2,1
262,sensor_262,1,TRUE,T#1s,1,0,FALSE,FALSE,1,1,3,16,261,2,1
263,sensor_263,1,TRUE,T#1s,1,0,FALSE,FALSE,1,1,3,16,262,2,1
264,sensor_264,1,TRUE,T#1s,1,0,FALSE,FALSE,1,1,3,16,263,2,1
265,sensor_265,1,TRUE,T#1s,1,0,FALSE,FALSE,1,1,3,16,264,2,1
266,sensor_266,1,TRUE,T#1s,1,0,FALSE,FALSE,1,1,3,16,265,2,1
267,sensor_267,1,TRUE,T#1s,1,0,FALSE,FALSE,1,1,3,16,266,2,1
268,sensor_268,1,TRUE,T#1s,1,0,FALSE,FALSE,1,1,3,16,267,2,1
269,sensor_269,1,TRUE,T#1s,1,0,FALSE,FALSE,1,1,3,16,268,2,1
270,sensor_270,1,TRUE,T#1s,1,0,FALSE,FALSE,1,1,3,16,269,2,1
271,sensor_271,1,TRUE,T#1s,1,0,FALSE,FALSE,1,1,3,16,270,2,1
272,sensor_272,1,TRUE,T#1s,1,0,FALSE,FALSE,1,1,3,16,271,2,1
273,sensor_273,1,TRUE,T#1s,1,0,FALSE,FALSE,1,1,3,16,272,2,1
274,sensor_274,1,TRUE,T#1s,1,0,FALSE,FALSE,1,1,3,16,273,2,1
275,sensor_275,1,TRUE,T#1s,1,0,FALSE,FALSE,1,1,3,16,274,2,1
276,sensor_276,1,TRUE,T#1s,1,0,FALSE,FALSE,1,1,3,16,275,2,1
277,sensor_277,1,TRUE,T#1s,1,0,FALSE,FALSE,1,1,3,16,276,2,1
278,sensor_278,1,TRUE,T#1s,1,0,FALSE,FALSE,1,1,3,16,277,2,1
279,sensor_279,1,TRUE,T#1s,1,0,FALSE,FALSE,1,1,3,16,278,2,1
280,sensor_280,1,TRUE,T#1s,1,0,FALSE,FALSE,1,1,3,16,279,2,1
281,sensor_281,1,TRUE,T#1s,1,0,FALSE,FALSE,1,1,3,16,280,2,1
282,sensor_282,1,TRUE,T#1s,1,0,FALSE,FALSE,1,1,3,16,281,2,1
283,sensor_283,1,TRUE,T#1s,1,0,FALSE,FALSE,1,1,3,16,282,2,1
284,sensor_284,1,TRUE,T#1s,1,0,FALSE,FALSE,1,1,3,16,283,2,1
285,sensor_285,1,TRUE,T#1s,1,0,FALSE,FALSE,1,1,3,16,284,2,1
286,sensor_286,1,TRUE,T#1s,1,0,FALSE,FALSE,1,1,3,16,285,2,1
287,sensor_287,1,TRUE,T#1s,1,0,FALSE,FALSE,1,1,3,16,286,2,1
288,sensor_288,1,TRUE,T#1s,1,0,FALSE,FALSE,1,1,3,16,287,2,1
289,sensor_289,1,TRUE,T#1s,1,0,FALSE,FALSE,1,1,3,16,288,2,1
290,sensor_290,1,TRUE,T#1s,1,0,FALSE,FALSE,1,1,3,16,289,2,1
291,sensor_291,1,TRUE,T#1s,1,0,FALSE,FALSE,1,1,3,16,290,2,1
292,sensor_292,1,TRUE,T#1s,1,0,FALSE,FALSE,1,1,3,16,291,2,1
293,sensor_293,1,TRUE,T#1s,1,0,FALSE,FALSE,1,1,3,16,292,2,1
294,sensor_294,1,TRUE,T#1s,1,0,FALSE,FALSE,1,1,3,16,293,2,1
295,sensor_295,1,TRUE,T#1s,1,0,FALSE,FALSE,1,1,3,16,294,2,1
296,sensor_296,1,TRUE,T#1s,1,0,FALSE,FALSE,1,1,3,16,295,2,1
297,sensor_297,1,TRUE,T#1s,1,0,FALSE,FALSE,1,1,3,16,296,2,1
298,sensor_298,1,TRUE,T#1s,1,0,FALSE,FALSE,1,1,3,16,297,2,1
299,sensor_299,1,TRUE,T#1s,1,0,FALSE,FALSE,1,1,3,16,298,2,1
300,sensor_300,1,TRUE,T#1s,1,0,FALSE,FALSE,1,1,3,16,299,2,1
301,sensor_301,1,TRUE,T#1s,1,0,FALSE,FALSE,1,1,3,16,300,2,1
302,sensor_302,1,TRUE,T#1s,1,0,FALSE,FALSE,1,1,3,16,301,2,1
303,sensor_303,1,TRUE,T#1s,1,0,FALSE,FALSE,1,1,3,16,302,2,1
304,sensor_304,1,TRUE,T#1s,1,0,FALSE,FALSE,1,1,3,16,303,2,1
305,sensor_305,1,TRUE,T#1s,1,0,FALSE,FALSE,1,1,3,16,304,2,1
306,sensor_306,1,TRUE,T#1s,1,0,FALSE,FALSE,1,1,3,16,305,2,1
307,sensor_307,1,TRUE,T#1s,1,0,FALSE,FALSE,1,1,3,16,306,2,1
308,sensor_308,1,TRUE,T#1s,1,0,FALSE,FALSE,1,1,3,16,307,2,1
309,sensor_309,1,TRUE,T#1s,1,0,FALSE,FALSE,1,1,3,16,308,2,1
310,sensor_310,1,TRUE,T#1s,1,0,FALSE,FALSE,1,1,3,16,309,2,1
311,sensor_311,1,TRUE,T#1s,1,0,FALSE,FALSE,1,1,3,16,310,2,1
312,sensor_312,1,TRUE,T#1s,1,0,FALSE,FALSE,1,1,3,16,311,2,1
313,sensor_313,1,TRUE,T#1s,1,0,FALSE,FALSE,1,1,3,16,312,2,1
314,sensor_314,1,TRUE,T#1s,1,0,FALSE,FALSE,1,1,3,16,313,2,1
315,sensor_315,1,TRUE,T#1s,1,0,FALSE,FALSE,1,1,3,16,314,2,1
316,sensor_316,1,TRUE,T#1s,1,0,FALSE,FALSE,1,1,3,16,315,2,1
317,sensor_317,1,TRUE,T#1s,1,0,FALSE,FALSE,1,1,3,16,316,2,1
318,sensor_318,1,TRUE,T#1s,1,0,FALSE,FALSE,1,1,3,16,317,2,1
319,sensor_319,1,TRUE,T#1s,1,0,FALSE,FALSE,1,1,3,16,318,2,1
320,sensor_320,1,TRUE,T#1s,1,0,FALSE,FALSE,1,1,3,16,319,2,1
321,sensor_321,1,TRUE,T#1s,1,0,FALSE,FALSE,1,1,3,16,320,2,1
322,sensor_322,1,TRUE,T#1s,1,0,FALSE,FALSE,1,1,3,16,321,2,1
323,sensor_323,1,TRUE,T#1s,1,0,FALSE,FALSE,1,1,3,16,322,2,1
324,sensor_324,1,TRUE,T#1s,1,0,FALSE,FALSE,1,1,3,16,323,2,1
325,sensor_325,1,TRUE,T#1s,1,0,FALSE,FALSE,1,1,3,16,324,2,1
326,sensor_326,1,TRUE,T#1s,1,0,FALSE,FALSE,1,1,3,16,325,2,1
327,sensor_327,1,TRUE,T#1s,1,0,FALSE,FALSE,1,1,3,16,326,2,1
328,sensor_328,1,TRUE,T#1s,1,0,FALSE,FALSE,1,1,3,16,327,2,1
329,sensor_329,1,TRUE,T#1s,1,0,FALSE,FALSE,1,1,3,16,328,2,1
330,sensor_330,1,TRUE,T#1s,1,0,FALSE,FALSE,1,1,3,16,329,2,1
331,sensor_331,1,TRUE,T#1s,1,0,FALSE,FALSE,1,1,3,16,330,2,1
332,sensor_332,1,TRUE,T#1s,1,0,FALSE,FALSE,1,1,3,16,331,2,1
333,sensor_333,1,TRUE,T#1s,1,0,FALSE,FALSE,1,1,3,16,332,2,1
334,sensor_334,1,TRUE,T#1s,1,0,FALSE,FALSE,1,1,3,16,333,2,1
335,sensor_335,1,TRUE,T#1s,1,0,FALSE,FALSE,1,1,3,16,334,2,1
336,sensor_336,1,TRUE,T#1s,1,0,FALSE,FALSE,1,1,3,16,335,2,1
337,sensor_337,1,TRUE,T#1s,1,0,FALSE,FALSE,1,1,3,16,336,2,1
338,sensor_338,1,TRUE,T#1s,1,0,FALSE,FALSE,1,1,3,16,337,2,1
339,sensor_339,1,TRUE,T#1s,1,0,FALSE,FALSE,1,1,3,16,338,2,1
340,sensor_340,1,TRUE,T#1s,1,0,FALSE,FALSE,1,1,3,16,339,2,1
341,sensor_341,1,TRUE,T#1s,1,0,FALSE,FALSE,1,1,3,16,340,2,1
342,sensor_342,1,TRUE,T#1s,1,0,FALSE,FALSE,1,1,3,16,341,2,1
343,sensor_343,1,TRUE,T#1s,1,0,FALSE,FALSE,1,1,3,16,342,2,1
344,sensor_344,1,TRUE,T#1s,1,0,FALSE,FALSE,1,1,3,16,343,2,1
345,sensor_345,1,TRUE,T#1s,1,0,FALSE,FALSE,1,1,3,16,344,2,1
346,sensor_346,1,TRUE,T#1s,1,0,FALSE,FALSE,1,1,3,16,345,2,1
347,sensor_347,1,TRUE,T#1s,1,0,FALSE,FALSE,1,1,3,16,346,2,1
348,sensor_348,1,TRUE,T#1s,1,0,FALSE,FALSE,1,1,3,16,347,2,1
349,sensor_349,1,TRUE,T#1s,1,0,FALSE,FALSE,1,1,3,16,348,2,1
350,sensor_350,1,TRUE,T#1s,1,0,FALSE,FALSE,1,1,3,16,349,2,1
351,sensor_351,1,TRUE,T#1s,1,0,FALSE,FALSE,1,1,3,16,350,2,1
352,sensor_352,1,TRUE,T#1s,1,0,FALSE,FALSE,1,1,3,16,351,2,1
353,sensor_353,1,TRUE,T#1s,1,0,FALSE,FALSE,1,1,3,16,352,2,1
354,sensor_354,1,TRUE,T#1s,1,0,FALSE,FALSE,1,1,3,16,353,2,1
355,sensor_355,1,TRUE,T#1s,1,0,FALSE,FALSE,1,1,3,16,354,2,1
356,sensor_356,1,TRUE,T#1s,1,0,FALSE,FALSE,1,1,3,16,355,2,1
357,sensor_357,1,TRUE,T#1s,1,0,FALSE,FALSE,1,1,3,16,356,2,1
358,sensor_358,1,TRUE,T#1s,1,0,FALSE,FALSE,1,1,3,16,357,2,1
359,sensor_359,1,TRUE,T#1s,1,0,FALSE,FALSE,1,1,3,16,358,2,1
360,sensor_360,1,TRUE,T#1s,1,0,FALSE,FALSE,1,1,3,16,359,2,1
361,sensor_361,1,TRUE,T#1s,1,0,FALSE,FALSE,1,1,3,16,360,2,1
362,sensor_362,1,TRUE,T#1s,1,0,FALSE,FALSE,1,1,3,16,361,2,1
363,sensor_363,1,TRUE,T#1s,1,0,FALSE,FALSE,1,1,3,16,362,2,1
364,sensor_364,1,TRUE,T#1s,1,0,FALSE,FALSE,1,1,3,16,363,2,1
365,sensor_365,1,TRUE,T#1s,1,0,FALSE,FALSE,1,1,3,16,364,2,1
366,sensor_366,1,TRUE,T#1s,1,0,FALSE,FALSE,1,1,3,16,365,2,1
367,sensor_367,1,TRUE,T#1s,1,0,FALSE,FALSE,1,1,3,16,366,2,1
368,sensor_368,1,TRUE,T#1s,1,0,FALSE,FALSE,1,1,3,16,367,2,1
369,sensor_369,1,TRUE,T#1s,1,0,FALSE,FALSE,1,1,3,16,368,2,1
370,sensor_370,1,TRUE,T#1s,1,0,FALSE,FALSE,1,1,3,16,369,2,1
371,sensor_371,1,TRUE,T#1s,1,0,FALSE,FALSE,1,1,3,16,370,2,1
372,sensor_372,1,TRUE,T#1s,1,0,FALSE,FALSE,1,1,3,16,371,2,1
373,sensor_373,1,TRUE,T#1s,1,0,FALSE,FALSE,1,1,3,16,372,2,1
374,sensor_374,1,TRUE,T#1s,1,0,FALSE,FALSE,1,1,3,16,373,2,1
375,sensor_375,1,TRUE,T#1s,1,0,FALSE,FALSE,1,1,3,16,374,2,1
376,sensor_376,1,TRUE,T#1s,1,0,FALSE,FALSE,1,1,3,16,375,2,1
377,sensor_377,1,TRUE,T#1s,1,0,FALSE,FALSE,1,1,3,16,376,2,1
378,sensor_378,1,TRUE,T#1s,1,0,FALSE,FALSE,1,1,3,16,377,2,1
379,sensor_379,1,TRUE,T#1s,1,0,FALSE,FALSE,1,1,3,16,378,2,1
380,sensor_380,1,TRUE,T#1s,1,0,FALSE,FALSE,1,1,3,16,379,2,1
381,sensor_381,1,TRUE,T#1s,1,0,FALSE,FALSE,1,1,3,16,380,2,1
382,sensor_382,1,TRUE,T#1s,1,0,FALSE,FALSE,1,1,3,16,381,2,1
383,sensor_383,1,TRUE,T#1s,1,0,FALSE,FALSE,1,1,3,16,382,2,1
384,sensor_384,1,TRUE,T#1s,1,0,FALSE,FALSE,1,1,3,16,383,2,1
385,sensor_385,1,TRUE,T#1s,1,0,FALSE,FALSE,1,1,3,16,384,2,1
386,sensor_386,1,TRUE,T#1s,1,0,FALSE,FALSE,1,1,3,16,385,2,1
387,sensor_387,1,TRUE,T#1s,1,0,FALSE,FALSE,1,1,3,16,386,2,1
388,sensor_388,1,TRUE,T#1s,1,0,FALSE,FALSE,1,1,3,16,387,2,1
389,sensor_389,1,TRUE,T#1s,1,0,FALSE,FALSE,1,1,3,16,388,2,1
390,sensor_390,1,TRUE,T#1s,1,0,FALSE,FALSE,1,1,3,16,389,2,1
391,sensor_391,1,TRUE,T#1s,1,0,FALSE,FALSE,1,1,3,16,390,2,1
392,sensor_392,1,TRUE,T#1s,1,0,FALSE,FALSE,1,1,3,16,391,2,1
393,sensor_393,1,TRUE,T#1s,1,0,FALSE,FALSE,1,1,3,16,392,2,1
394,sensor_394,1,TRUE,T#1s,1,0,FALSE,FALSE,1,1,3,16,393,2,1
395,sensor_395,1,TRUE,T#1s,1,0,FALSE,FALSE,1,1,3,16,394,2,1
396,sensor_396,1,TRUE,T#1s,1,0,FALSE,FALSE,1,1,3,16,395,2,1
397,sensor_397,1,TRUE,T#1s,1,0,FALSE,FALSE,1,1,3,16,396,2,1
398,sensor_398,1,TRUE,T#1s,1,0,FALSE,FALSE,1,1,3,16,397,2,1
399,sensor_399,1,TRUE,T#1s,1,0,FALSE,FALSE,1,1,3,16,398,2,1
400,sensor_400,1,TRUE,T#1s,1,0,FALSE,FALSE,1,1,3,16,399,2,1
401,sensor_401,1,TRUE,T#1s,1,0,FALSE,FALSE,1,1,3,16,400,2,1
402,sensor_402,1,TRUE,T#1s,1,0,FALSE,FALSE,1,1,3,16,401,2,1
403,sensor_403,1,TRUE,T#1s,1,0,FALSE,FALSE,1,1,3,16,402,2,1
404,sensor_404,1,TRUE,T#1s,1,0,FALSE,FALSE,1,1,3,16,403,2,1
405,sensor_405,1,TRUE,T#1s,1,0,FALSE,FALSE,1,1,3,16,404,2,1
406,sensor_406,1,TRUE,T#1s,1,0,FALSE,FALSE,1,1,3,16,405,2,1
407,sensor_407,1,TRUE,T#1s,1,0,FALSE,FALSE,1,1,3,16,406,2,1
408,sensor_408,1,TRUE,T#1s,1,0,FALSE,FALSE,1,1,3,16,407,2,1
409,sensor_409,1,TRUE,T#1s,1,0,FALSE,FALSE,1,1,3,16,408,2,1
410,sensor_410,1,TRUE,T#1s,1,0,FALSE,FALSE,1,1,3,16,409,2,1
411,sensor_411,1,TRUE,T#1s,1,0,FALSE,FALSE,1,1,3,16,410,2,1
412,sensor_412,1,TRUE,T#1s,1,0,FALSE,FALSE,1,1,3,16,411,2,1
413,sensor_413,1,TRUE,T#1s,1,0,FALSE,FALSE,1,1,3,16,412,2,1
414,sensor_414,1,TRUE,T#1s,1,0,FALSE,FALSE,1,1,3,16,413,2,1
415,sensor_415,1,TRUE,T#1s,1,0,FALSE,FALSE,1,1,3,16,414,2,1
416,sensor_416,1,TRUE,T#1s,1,0,FALSE,FALSE,1,1,3,16,415,2,1
417,sensor_417,1,TRUE,T#1s,1,0,FALSE,FALSE,1,1,3,16,416,2,1
418,sensor_418,1,TRUE,T#1s,1,0,FALSE,FALSE,1,1,3,16,417,2,1
419,sensor_419,1,TRUE,T#1s,1,0,FALSE,FALSE,1,1,3,16,418,2,1
420,sensor_420,1,TRUE,T#1s,1,0,FALSE,FALSE,1,1,3,16,419,2,1
421,sensor_421,1,TRUE,T#1s,1,0,FALSE,FALSE,1,1,3,16,420,2,1
422,sensor_422,1,TRUE,T#1s,1,0,FALSE,FALSE,1,1,3,16,421,2,1
423,sensor_423,1,TRUE,T#1s,1,0,FALSE,FALSE,1,1,3,16,422,2,1
424,sensor_424,1,TRUE,T#1s,1,0,FALSE,FALSE,1,1,3,16,423,2,1
425,sensor_425,1,TRUE,T#1s,1,0,FALSE,FALSE,1,1,3,16,424,2,1
426,sensor_426,1,TRUE,T#1s,1,0,FALSE,FALSE,1,1,3,16,425,2,1
427,sensor_427,1,TRUE,T#1s,1,0,FALSE,FALSE,1,1,3,16,426,2,1
428,sensor_428,1,TRUE,T#1s,1,0,FALSE,FALSE,1,1,3,16,427,2,1
429,sensor_429,1,TRUE,T#1s,1,0,FALSE,FALSE,1,1,3,16,428,2,1
430,sensor_430,1,TRUE,T#1s,1,0,FALSE,FALSE,1,1,3,16,429,2,1
431,sensor_431,1,TRUE,T#1s,1,0,FALSE,FALSE,1,1,3,16,430,2,1
432,sensor_432,1,TRUE,T#1s,1,0,FALSE,FALSE,1,1,3,16,431,2,1
433,sensor_433,1,TRUE,T#1s,1,0,FALSE,FALSE,1,1,3,16,432,2,1
434,sensor_434,1,TRUE,T#1s,1,0,FALSE,FALSE,1,1,3,16,433,2,1
435,sensor_435,1,TRUE,T#1s,1,0,FALSE,FALSE,1,1,3,16,434,2,1
436,sensor_436,1,TRUE,T#1s,1,0,FALSE,FALSE,1,1,3,16,435,2,1
437,sensor_437,1,TRUE,T#1s,1,0,FALSE,FALSE,1,1,3,16,436,2,1
438,sensor_438,1,TRUE,T#1s,1,0,FALSE,FALSE,1,1,3,16,437,2,1
439,sensor_439,1,TRUE,T#1s,1,0,FALSE,FALSE,1,1,3,16,438,2,1
440,sensor_440,1,TRUE,T#1s,1,0,FALSE,FALSE,1,1,3,16,439,2,1
441,sensor_441,1,TRUE,T#1s,1,0,FALSE,FALSE,1,1,3,16,440,2,1
442,sensor_442,1,TRUE,T#1s,1,0,FALSE,FALSE,1,1,3,16,441,2,1
443,sensor_443,1,TRUE,T#1s,1,0,FALSE,FALSE,1,1,3,16,442,2,1
444,sensor_444,1,TRUE,T#1s,1,0,FALSE,FALSE,1,1,3,16,443,2,1
445,sensor_445,1,TRUE,T#1s,1,0,FALSE,FALSE,1,1,3,16,444,2,1
446,sensor_446,1,TRUE,T#1s,1,0,FALSE,FALSE,1,1,3,16,445,2,1
447,sensor_447,1,TRUE,T#1s,1,0,FALSE,FALSE,1,1,3,16,446,2,1
448,sensor_448,1,TRUE,T#1s,1,0,FALSE,FALSE,1,1,3,16,447,2,1
449,sensor_449,1,TRUE,T#1s,1,0,FALSE,FALSE,1,1,3,16,448,2,1
450,sensor_450,1,TRUE,T#1s,1,0,FALSE,FALSE,1,1,3,16,449,2,1
451,sensor_451,1,TRUE,T#1s,1,0,FALSE,FALSE,1,1,3,16,450,2,1
452,sensor_452,1,TRUE,T#1s,1,0,FALSE,FALSE,1,1,3,16,451,2,1
453,sensor_453,1,TRUE,T#1s,1,0,FALSE,FALSE,1,1,3,16,452,2,1
454,sensor_454,1,TRUE,T#1s,1,0,FALSE,FALSE,1,1,3,16,453,2,1
455,sensor_455,1,TRUE,T#1s,1,0,FALSE,FALSE,1,1,3,16,454,2,1
456,sensor_456,1,TRUE,T#1s,1,0,FALSE,FALSE,1,1,3,16,455,2,1
457,sensor_457,1,TRUE,T#1s,1,0,FALSE,FALSE,1,1,3,16,456,2,1
458,sensor_458,1,TRUE,T#1s,1,0,FALSE,FALSE,1,1,3,16,457,2,1
459,sensor_459,1,TRUE,T#1s,1,0,FALSE,FALSE,1,1,3,16,458,2,1
460,sensor_460,1,TRUE,T#1s,1,0,FALSE,FALSE,1,1,3,16,459,2,1
461,sensor_461,1,TRUE,T#1s,1,0,FALSE,FALSE,1,1,3,16,460,2,1
462,sensor_462,1,TRUE,T#1s,1,0,FALSE,FALSE,1,1,3,16,461,2,1
463,sensor_463,1,TRUE,T#1s,1,0,FALSE,FALSE,1,1,3,16,462,2,1
464,sensor_464,1,TRUE,T#1s,1,0,FALSE,FALSE,1,1,3,16,463,2,1
465,sensor_465,1,TRUE,T#1s,1,0,FALSE,FALSE,1,1,3,16,464,2,1
466,sensor_466,1,TRUE,T#1s,1,0,FALSE,FALSE,1,1,3,16,465,2,1
467,sensor_467,1,TRUE,T#1s,1,0,FALSE,FALSE,1,1,3,16,466,2,1
468,sensor_468,1,TRUE,T#1s,1,0,FALSE,FALSE,1,1,3,16,467,2,1
469,sensor_469,1,TRUE,T#1s,1,0,FALSE,FALSE,1,1,3,16,468,2,1
470,sensor_470,1,TRUE,T#1s,1,0,FALSE,FALSE,1,1,3,16,469,2,1
471,sensor_471,1,TRUE,T#1s,1,0,FALSE,FALSE,1,1,3,16,470,2,1
472,sensor_472,1,TRUE,T#1s,1,0,FALSE,FALSE,1,1,3,16,471,2,1
473,sensor_473,1,TRUE,T#1s,1,0,FALSE,FALSE,1,1,3,16,472,2,1
474,sensor_474,1,TRUE,T#1s,1,0,FALSE,FALSE,1,1,3,16,473,2,1
475,sensor_475,1,TRUE,T#1s,1,0,FALSE,FALSE,1,1,3,16,474,2,1
476,sensor_476,1,TRUE,T#1s,1,0,FALSE,FALSE,1,1,3,16,475,2,1
477,sensor_477,1,TRUE,T#1s,1,0,FALSE,FALSE,1,1,3,16,476,2,1
478,sensor_478,1,TRUE,T#1s,1,0,FALSE,FALSE,1,1,3,16,477,2,1
479,sensor_479,1,TRUE,T#1s,1,0,FALSE,FALSE,1,1,3,16,478,2,1
480,sensor_480,1,TRUE,T#1s,1,0,FALSE,FALSE,1,1,3,16,479,2,1
481,sensor_481,1,TRUE,T#1s,1,0,FALSE,FALSE,1,1,3,16,480,2,1
482,sensor_482,1,TRUE,T#1s,1,0,FALSE,FALSE,1,1,3,16,481,2,1
483,sensor_483,1,TRUE,T#1s,1,0,FALSE,FALSE,1,1,3,16,482,2,1
484,sensor_484,1,TRUE,T#1s,1,0,FALSE,FALSE,1,1,3,16,483,2,1
485,sensor_485,1,TRUE,T#1s,1,0,FALSE,FALSE,1,1,3,16,484,2,1
486,sensor_486,1,TRUE,T#1s,1,0,FALSE,FALSE,1,1,3,16,485,2,1
487,sensor_487,1,TRUE,T#1s,1,0,FALSE,FALSE,1,1,3,16,486,2,1
488,sensor_488,1,TRUE,T#1s,1,0,FALSE,FALSE,1,1,3,16,487,2,1
489,sensor_489,1,TRUE,T#1s,1,0,FALSE,FALSE,1,1,3,16,488,2,1
490,sensor_490,1,TRUE,T#1s,1,0,FALSE,FALSE,1,1,3,16,489,2,1
491,sensor_491,1,TRUE,T#1s,1,0,FALSE,FALSE,1,1,3,16,490,2,1
492,sensor_492,1,TRUE,T#1s,1,0,FALSE,FALSE,1,1,3,16,491,2,1
493,sensor_493,1,TRUE,T#1s,1,0,FALSE,FALSE,1,1,3,16,492,2,1
494,sensor_494,1,TRUE,T#1s,1,0,FALSE,FALSE,1,1,3,16,493,2,1
495,sensor_495,1,TRUE,T#1s,1,0,FALSE,FALSE,1,1,3,16,494,2,1
496,sensor_496,1,TRUE,T#1s,1,0,FALSE,FALSE,1,1,3,16,495,2,1
497,sensor_497,1,TRUE,T#1s,1,0,FALSE,FALSE,1,1,3,16,496,2,1
498,sensor_498,1,TRUE,T#1s,1,0,FALSE,FALSE,1,1,3,16,497,2,1
499,sensor_499,1,TRUE,T#1s,1,0,FALSE,FALSE,1,1,3,16,498,2,1
500,sensor_500,1,TRUE,T#1s,1,0,FALSE,FALSE,1,1,3,16,499,2,1
